source,address,city,state,zip,beds,baths,sqft,lot_size,year_built,rent,deposit,pets_allowed,property_type,mls_number,listing_url,description,listed_date,scraped_at,photos,lat,lng
redfin,201B 87th St,Virginia Beach,VA,23451,2.0,1.5,1050,,,3300,,,single family,,https://www.redfin.com/VA/Virginia-Beach/201B-87th-St-23451/home/194409660,"Original Beach Cottage for rent. One block from the beach. Located in the quiet North End section of Virginia Beach. A rare find!
Included in rent: All utilities and lawn service",2025-01-24T00:26:57.165765Z,2026-05-04T13:26:12+00:00,https://maps.google.com/maps/api/staticmap?sensor=false&style=feature%3Aadministrative.land_parcel%7Cvisibility%3Aoff&style=feature%3Alandscape.man_made%7Cvisibility%3Aoff&style=feature%3Atransit.station%7Chue%3A0xffa200&center=36.9121634%2C-75.9951226&channel=seekers-search_map&size=574x430&format=jpg&scale=2&zoom=11&client=gme-redfin&signature=qjpkp_RO0Dsv0vJGeCqrQakCEc4=,36.9121634,-75.9951226
redfin,531 Terrace Ave,Virginia Beach,VA,23451,3.0,1.0,1026,,,2500,,,single family,,https://www.redfin.com/VA/Virginia-Beach/531-Terrace-Ave-23451/home/49523848,"Wonderful coastal cottage located in the heart of the marina district. Nestle in the Shadowlawn neighborhood and convenientlyclose to shops, restaurants, beach, interstate, and the new surf park and D",2026-05-02T13:09:33.154604Z,2026-05-04T13:26:12+00:00,https://maps.google.com/maps/api/staticmap?sensor=false&style=feature%3Aadministrative.land_parcel%7Cvisibility%3Aoff&style=feature%3Alandscape.man_made%7Cvisibility%3Aoff&style=feature%3Atransit.station%7Chue%3A0xffa200&center=36.8329823%2C-75.977884&channel=seekers-search_map&size=574x430&format=jpg&scale=2&zoom=11&client=gme-redfin&signature=baQ1lsC9yVG3wfkPk3_Aly4q9u4=,36.8329823,-75.977884
redfin,607 16th St,Virginia Beach,VA,23451,3.0,1.5,1400,,,2700,,,single family,,https://www.redfin.com/VA/Virginia-Beach/607-16th-St-23451/home/49516382,"Adorable beach bungalow located in the heart of the VIBE District, just 1/2 mile to boardwalk with fenced backyard and large detached garage. This home features two large dens (rear den could easily b",2026-05-01T12:11:37.590076Z,2026-05-04T13:26:12+00:00,https://maps.google.com/maps/api/staticmap?sensor=false&style=feature%3Aadministrative.land_parcel%7Cvisibility%3Aoff&style=feature%3Alandscape.man_made%7Cvisibility%3Aoff&style=feature%3Atransit.station%7Chue%3A0xffa200&center=36.8432731%2C-75.9817624&channel=seekers-search_map&size=574x430&format=jpg&scale=2&zoom=11&client=gme-redfin&signature=epFtdZI32unTqFbJbMbeNETNrws=,36.8432731,-75.9817624
redfin,2416 Arctic Ave,Virginia Beach,VA,23451,3.0,2.0,,,,3000,,,single family,,https://www.redfin.com/VA/Virginia-Beach/2416-Arctic-Ave-23451/home/49524324,"FULLY FURNISHED WINTER RENTAL AVAILABLE MARCH - MAY ONLY. Welcome to Fun in The Sun! This beautiful, single family beach home is located in the heart of the Virginia Beach Oceanfront. Just two blocks ",2026-04-02T11:34:08.452468Z,2026-05-04T13:26:12+00:00,https://maps.google.com/maps/api/staticmap?sensor=false&style=feature%3Aadministrative.land_parcel%7Cvisibility%3Aoff&style=feature%3Alandscape.man_made%7Cvisibility%3Aoff&style=feature%3Atransit.station%7Chue%3A0xffa200&center=36.8524806%2C-75.9797107&channel=seekers-search_map&size=574x430&format=jpg&scale=2&zoom=11&client=gme-redfin&signature=TheLb0yPPs49wru2nt9JN5IZTxw=,36.8524806,-75.9797107
redfin,488 S Birdneck Rd,Virginia Beach,VA,23451,3.0,2.0,1664,,,3000,,,single family,,https://www.redfin.com/VA/Virginia-Beach/488-S-Birdneck-Rd-23451/home/49532135,"GREAT 3 BEDROOM BIRDNECK RANCH! DRIVEWAY WITH EXTRA PARKING, FENCED IN BACKYARD. CONVENIENT TO BASES, BEACH, INTERSTATE AND RESTAURANTS.",2026-05-02T00:28:03.336721Z,2026-05-04T13:26:12+00:00,https://maps.google.com/maps/api/staticmap?sensor=false&style=feature%3Aadministrative.land_parcel%7Cvisibility%3Aoff&style=feature%3Alandscape.man_made%7Cvisibility%3Aoff&style=feature%3Atransit.station%7Chue%3A0xffa200&center=36.8253972%2C-75.997738&channel=seekers-search_map&size=574x430&format=jpg&scale=2&zoom=11&client=gme-redfin&signature=NiW7dE97b7H5BcBqQQwjhMHKNsw=,36.8253972,-75.997738
redfin,423 Harbour Pt,Virginia Beach,VA,23451,2.0,2.0,1300,,,2700,,,single family,,https://www.redfin.com/VA/Virginia-Beach/423-Harbour-Pt-23451/home/201541814,"First floor condo in Harbour Point Condo on Rudee Inlet, just a short walk to the beach and easy access attractions. This 2 bed, 2 bath condo has an updated kitchen, new appliances, new flooring, reno",2026-04-23T12:26:16.552752Z,2026-05-04T13:26:12+00:00,https://maps.google.com/maps/api/staticmap?sensor=false&style=feature%3Aadministrative.land_parcel%7Cvisibility%3Aoff&style=feature%3Alandscape.man_made%7Cvisibility%3Aoff&style=feature%3Atransit.station%7Chue%3A0xffa200&center=36.8295228%2C-75.9749888&channel=seekers-search_map&size=574x430&format=jpg&scale=2&zoom=11&client=gme-redfin&signature=PD1YuqA7RCzkHE4l5r-l0gfzE8Y=,36.8295228,-75.9749888
redfin,212 Paladin Dr,Virginia Beach,VA,23452,3.0,2.0,1456,,,2800,,,single family,,https://www.redfin.com/VA/Virginia-Beach/212-Paladin-Dr-23452/home/49466631,"Welcome to Virginia Beach! This FURNISHED home offers the perfect combination of style and convenience. Located 12 minutes from the beach, you can enjoy outdoor activities such as fishing, jet skis an",2026-04-21T16:43:48.437612Z,2026-05-04T13:26:14+00:00,https://maps.google.com/maps/api/staticmap?sensor=false&style=feature%3Aadministrative.land_parcel%7Cvisibility%3Aoff&style=feature%3Alandscape.man_made%7Cvisibility%3Aoff&style=feature%3Atransit.station%7Chue%3A0xffa200&center=36.833393%2C-76.093174&channel=seekers-search_map&size=574x430&format=jpg&scale=2&zoom=11&client=gme-redfin&signature=Vu-PxW1IheyK1cAtEhi4gI8xlDc=,36.833393,-76.093174
redfin,220 S Rosemont Rd,Virginia Beach,VA,23452,4.0,2.0,1350,,,2650,,,single family,,https://www.redfin.com/VA/Virginia-Beach/220-S-Rosemont-Rd-23452/home/49466550,"This fully renovated 4-bed, 2-bath ranch home has new waterproof laminate floors throughout main areas, carpeted bedrooms and a brand-new HVAC system for year-round comfort. The kitchen features stain",2026-04-30T01:15:02.963835Z,2026-05-04T13:26:14+00:00,https://maps.google.com/maps/api/staticmap?sensor=false&style=feature%3Aadministrative.land_parcel%7Cvisibility%3Aoff&style=feature%3Alandscape.man_made%7Cvisibility%3Aoff&style=feature%3Atransit.station%7Chue%3A0xffa200&center=36.832828%2C-76.0949047&channel=seekers-search_map&size=574x430&format=jpg&scale=2&zoom=11&client=gme-redfin&signature=FAXQASJ7xhU9Nf18pTnBvlIcxp0=,36.832828,-76.0949047
redfin,3564 Faraday Ln,Virginia Beach,VA,23452,4.0,2.5,1700,,,2600,,,single family,,https://www.redfin.com/VA/Virginia-Beach/3564-Faraday-Ln-23452/home/49460558,"Welcome to this stunning 4 bedroom, 2.5 bathroom single-family home in Virginia Beach! Built in 2001, this spacious property features a fenced yard, garage, fireplace, and washer/dryer in unit. With a",2026-05-01T12:13:33.486294Z,2026-05-04T13:26:14+00:00,https://maps.google.com/maps/api/staticmap?sensor=false&style=feature%3Aadministrative.land_parcel%7Cvisibility%3Aoff&style=feature%3Alandscape.man_made%7Cvisibility%3Aoff&style=feature%3Atransit.station%7Chue%3A0xffa200&center=36.8190511%2C-76.0970111&channel=seekers-search_map&size=574x430&format=jpg&scale=2&zoom=11&client=gme-redfin&signature=Md9KgF7tz86KcTR4fNV_RCX8ZE8=,36.8190511,-76.0970111
redfin,3736 Upland Rd,Virginia Beach,VA,23452,3.0,2.5,1879,,,2500,,,single family,,https://www.redfin.com/VA/Virginia-Beach/3736-Upland-Rd-23452/home/49460097,"Hurry to see this beautiful, well kept home that shows with cleanliness and beautiful landscaping.  There is a formal living room and dining room, plus a family room with a fireplace.  The eat in kitc",2026-05-03T12:35:24.955608Z,2026-05-04T13:26:14+00:00,https://maps.google.com/maps/api/staticmap?sensor=false&style=feature%3Aadministrative.land_parcel%7Cvisibility%3Aoff&style=feature%3Alandscape.man_made%7Cvisibility%3Aoff&style=feature%3Atransit.station%7Chue%3A0xffa200&center=36.8029582%2C-76.0965679&channel=seekers-search_map&size=574x430&format=jpg&scale=2&zoom=11&client=gme-redfin&signature=febHCM9c_KFvu_bVure_W6hDGOk=,36.8029582,-76.0965679
redfin,424 Kingswood Pl,Virginia Beach,VA,23452,3.0,1.5,1400,,,2300,,,single family,,https://www.redfin.com/VA/Virginia-Beach/424-Kingswood-Pl-23452/home/49461151,"This well maintained home in the Princess Anne Plaza neighborhood of Virginia Beach is conveniently located minutes to Town Center, I264, shopping, entertainment, and military bases! Three bedrooms, 1",2026-05-02T13:22:59.404602Z,2026-05-04T13:26:14+00:00,https://maps.google.com/maps/api/staticmap?sensor=false&style=feature%3Aadministrative.land_parcel%7Cvisibility%3Aoff&style=feature%3Alandscape.man_made%7Cvisibility%3Aoff&style=feature%3Atransit.station%7Chue%3A0xffa200&center=36.825708%2C-76.0934373&channel=seekers-search_map&size=574x430&format=jpg&scale=2&zoom=11&client=gme-redfin&signature=CvTnG_DF0mY-JhmwCeFD7k_4kHs=,36.825708,-76.0934373
redfin,3385 Woodburne Dr,Virginia Beach,VA,23452,4.0,2.0,1490,,,2400,,,single family,,https://www.redfin.com/VA/Virginia-Beach/3385-Woodburne-Dr-23452/home/49462001,"4BR Home Backing to Park - Fenced Yard - Central Virginia Beach (23452) Rare 4 bedroom, 2 bathroom home available in central Virginia Beach. This property features a private fenced backyard backing di",2026-04-21T16:29:26.959375Z,2026-05-04T13:26:14+00:00,https://maps.google.com/maps/api/staticmap?sensor=false&style=feature%3Aadministrative.land_parcel%7Cvisibility%3Aoff&style=feature%3Alandscape.man_made%7Cvisibility%3Aoff&style=feature%3Atransit.station%7Chue%3A0xffa200&center=36.8122931%2C-76.0911018&channel=seekers-search_map&size=574x430&format=jpg&scale=2&zoom=11&client=gme-redfin&signature=UkwujFHjE8z02vW33Avxb0xVnlM=,36.8122931,-76.0911018
redfin,412 Lineberry Rd,Virginia Beach,VA,23452,4.0,2.5,1014,,,2800,,,single family,,https://www.redfin.com/VA/Virginia-Beach/412-Lineberry-Rd-23452/home/49462935,"Charming 4BR Ranch in Prime Virginia Beach LocationDiscover this charming ranch-style home offering 4 bedrooms and 2.5 bathrooms in the heart of Virginia Beach. With over 1,300 square feet of thoughtf",2026-05-02T13:20:27.482290Z,2026-05-04T13:26:14+00:00,https://maps.google.com/maps/api/staticmap?sensor=false&style=feature%3Aadministrative.land_parcel%7Cvisibility%3Aoff&style=feature%3Alandscape.man_made%7Cvisibility%3Aoff&style=feature%3Atransit.station%7Chue%3A0xffa200&center=36.826915%2C-76.0854928&channel=seekers-search_map&size=574x430&format=jpg&scale=2&zoom=11&client=gme-redfin&signature=f0vRKU8NbaLaDZ17dRI3OMoOp1w=,36.826915,-76.0854928
redfin,441 Hopkins Rd,Virginia Beach,VA,23452,3.0,2.0,1268,,,2600,,,single family,,https://www.redfin.com/VA/Virginia-Beach/441-Hopkins-Rd-23452/home/49464370,"This beautiful 3 bed 2 bath ranch is looking for a new tenant to call home. This house is strategically located in the heart of Virginia Beach with close proximity to the highways, restaurants and muc",2026-04-30T12:39:49.469401Z,2026-05-04T13:26:14+00:00,https://maps.google.com/maps/api/staticmap?sensor=false&style=feature%3Aadministrative.land_parcel%7Cvisibility%3Aoff&style=feature%3Alandscape.man_made%7Cvisibility%3Aoff&style=feature%3Atransit.station%7Chue%3A0xffa200&center=36.8450334%2C-76.1095745&channel=seekers-search_map&size=574x430&format=jpg&scale=2&zoom=11&client=gme-redfin&signature=Uy2aQZiHnbR1n82LA0IGLnH4O_o=,36.8450334,-76.1095745
redfin,3701 Teakwood Dr,Virginia Beach,VA,23452,3.0,2.0,1509,,,2350,,,single family,,https://www.redfin.com/VA/Virginia-Beach/3701-Teakwood-Dr-23452/home/49465730,"This beautifully designed 3-bedroom, 2-bathroom home offers a spacious 1509 sq ft layout, perfect for those who appreciate both functionality and elegance. As you step inside, you'll be greeted by a f",2026-04-29T13:26:03.119897Z,2026-05-04T13:26:14+00:00,https://maps.google.com/maps/api/staticmap?sensor=false&style=feature%3Aadministrative.land_parcel%7Cvisibility%3Aoff&style=feature%3Alandscape.man_made%7Cvisibility%3Aoff&style=feature%3Atransit.station%7Chue%3A0xffa200&center=36.8322126%2C-76.0993577&channel=seekers-search_map&size=574x430&format=jpg&scale=2&zoom=11&client=gme-redfin&signature=QBfL42S8I64e6fVUDzXOihwMAbs=,36.8322126,-76.0993577
redfin,3308 Old Kirkwood Dr,Virginia Beach,VA,23452,4.0,3.0,2352,,,3300,,,single family,,https://www.redfin.com/VA/Virginia-Beach/3308-Old-Kirkwood-Dr-23452/home/49470523,"Welcome to King's Grant, where the community is friendly and the schools are top-rated! This well-maintained home located in a cul-de-sac, offers one-level living, modern updates, and lots of space fo",2026-05-04T12:29:30.077605Z,2026-05-04T13:26:14+00:00,https://maps.google.com/maps/api/staticmap?sensor=false&style=feature%3Aadministrative.land_parcel%7Cvisibility%3Aoff&style=feature%3Alandscape.man_made%7Cvisibility%3Aoff&style=feature%3Atransit.station%7Chue%3A0xffa200&center=36.8580639%2C-76.0847741&channel=seekers-search_map&size=574x430&format=jpg&scale=2&zoom=11&client=gme-redfin&signature=Nq6-5FnPTjYzTacFe1yBMPgpoo4=,36.8580639,-76.0847741
redfin,3841 Forrester Ln,Virginia Beach,VA,23452,3.0,2.0,1522,,,2300,,,single family,,https://www.redfin.com/VA/Virginia-Beach/3841-Forrester-Ln-23452/home/49457907,"Ranch home, 3 bedrooms, 2 full baths, Living room, family room, dining room, eat in kitchen, laundry room with clothes washer & dryer, 1 car garage, fenced in Yard. No Pets, $2300 per month",2026-04-21T16:18:30.882779Z,2026-05-04T13:26:14+00:00,https://maps.google.com/maps/api/staticmap?sensor=false&style=feature%3Aadministrative.land_parcel%7Cvisibility%3Aoff&style=feature%3Alandscape.man_made%7Cvisibility%3Aoff&style=feature%3Atransit.station%7Chue%3A0xffa200&center=36.8171701%2C-76.1063023&channel=seekers-search_map&size=574x430&format=jpg&scale=2&zoom=11&client=gme-redfin&signature=yxaueFZ8c9DOx6nhWBbuoUNF4bU=,36.8171701,-76.1063023
redfin,3561 Poppy Cres,Virginia Beach,VA,23453,3.0,2.0,1500,,,2650,,,single family,,https://www.redfin.com/VA/Virginia-Beach/3561-Poppy-Cres-23453/home/49453248,"Ranch Home for Rent -- $2,650/Month ! $2,650 Security Deposit 3561 Poppy Crescent, Virginia Beach, VA 23453 Welcome to this inviting ranch home located on a quiet cul-de-sac in Virginia Beach. Filled ",2026-05-03T11:41:21.002612Z,2026-05-04T13:26:16+00:00,https://maps.google.com/maps/api/staticmap?sensor=false&style=feature%3Aadministrative.land_parcel%7Cvisibility%3Aoff&style=feature%3Alandscape.man_made%7Cvisibility%3Aoff&style=feature%3Atransit.station%7Chue%3A0xffa200&center=36.79799%2C-76.0960731&channel=seekers-search_map&size=574x430&format=jpg&scale=2&zoom=11&client=gme-redfin&signature=7loSfdGquPzOiF4KicA1p2uocnU=,36.79799,-76.0960731
redfin,3265 Twinflower Ln,Virginia Beach,VA,23453,4.0,2.5,2063,,,2995,,,single family,,https://www.redfin.com/VA/Virginia-Beach/3265-Twinflower-Ln-23453/home/49475419,Spacious 4 BD 2.5 BA with cathedral ceiling and open floor plan. Family room with fireplace leads to outdoor Trex patio deck and private pool. Large formal dining room and living room. Kitchen bay win,2026-05-02T13:20:22.996136Z,2026-05-04T13:26:16+00:00,https://maps.google.com/maps/api/staticmap?sensor=false&style=feature%3Aadministrative.land_parcel%7Cvisibility%3Aoff&style=feature%3Alandscape.man_made%7Cvisibility%3Aoff&style=feature%3Atransit.station%7Chue%3A0xffa200&center=36.7708625%2C-76.0818079&channel=seekers-search_map&size=574x430&format=jpg&scale=2&zoom=11&client=gme-redfin&signature=VxyPOwxunvC8oJ0RnqOlCTbxUvs=,36.7708625,-76.0818079
redfin,1617 Ohio Ave Unit 1617,Virginia Beach,VA,23454,3.0,2.0,,,,2500,,,single family,,https://www.redfin.com/VA/Virginia-Beach/1617-Ohio-Ave-23454/unit-1617/home/200750916,"Located in the heart of Virginia Beach, this well-positioned rental property offers the perfect blend of comfort, convenience, and coastal lifestyle. Nestled in a desirable neighborhood just minutes f",2026-03-04T22:01:55.230987Z,2026-05-04T13:26:18+00:00,https://maps.google.com/maps/api/staticmap?sensor=false&style=feature%3Aadministrative.land_parcel%7Cvisibility%3Aoff&style=feature%3Alandscape.man_made%7Cvisibility%3Aoff&style=feature%3Atransit.station%7Chue%3A0xffa200&center=36.8407035%2C-76.0182005&channel=seekers-search_map&size=574x430&format=jpg&scale=2&zoom=11&client=gme-redfin&signature=2qHMIlPVcwQIWy7tKo6NHHYB4TA=,36.8407035,-76.0182005
redfin,890 Old Dam Neck Rd,Virginia Beach,VA,23454,4.0,3.0,2146,,,3150,,,single family,,https://www.redfin.com/VA/Virginia-Beach/890-Old-Dam-Neck-Rd-23454/home/68279396,"Available June 13, 2026!
Experience the joy of living in a unique & charming historic farm house built in 1928 with proximity to all the fabulous amenities Virginia Beach has to offer. 

Approx. drive",2026-04-21T18:55:10.504506Z,2026-05-04T13:26:18+00:00,https://maps.google.com/maps/api/staticmap?sensor=false&style=feature%3Aadministrative.land_parcel%7Cvisibility%3Aoff&style=feature%3Alandscape.man_made%7Cvisibility%3Aoff&style=feature%3Atransit.station%7Chue%3A0xffa200&center=36.7800649%2C-75.9898363&channel=seekers-search_map&size=574x430&format=jpg&scale=2&zoom=11&client=gme-redfin&signature=gBFHAoR717VlM84qzQdPfRlIETk=,36.7800649,-75.9898363
redfin,1423 Goldfinch Ln,Virginia Beach,VA,23454,4.0,2.0,1950,,,2475,,,single family,,https://www.redfin.com/VA/Virginia-Beach/1423-Goldfinch-Ln-23454/home/49510049,"A charming home in the popular community of Redwing just a short drive to Oceanfront fun, resorts, dining, nightlife, several military bases and highway access! Less than a 1/2 mile to Oceana Commissa",2026-05-03T12:23:59.585136Z,2026-05-04T13:26:18+00:00,https://maps.google.com/maps/api/staticmap?sensor=false&style=feature%3Aadministrative.land_parcel%7Cvisibility%3Aoff&style=feature%3Alandscape.man_made%7Cvisibility%3Aoff&style=feature%3Atransit.station%7Chue%3A0xffa200&center=36.7926742%2C-76.0007783&channel=seekers-search_map&size=574x430&format=jpg&scale=2&zoom=11&client=gme-redfin&signature=QcwgTPeNtrpFfLpD7VFkymo5drE=,36.7926742,-76.0007783
redfin,1514 Snowbird Ct,Virginia Beach,VA,23454,3.0,2.0,,,,2450,,,single family,,https://www.redfin.com/VA/Virginia-Beach/1514-Snowbird-Ct-23454/home/49509225,"This well-kept 3-bedroom, 2-bath home is located on a quiet cul-de-sac in Virginia Beach. The layout is open and functional, with a comfortable living area that flows into the kitchen. The kitchen inc",2026-05-02T13:18:20.834514Z,2026-05-04T13:26:18+00:00,https://maps.google.com/maps/api/staticmap?sensor=false&style=feature%3Aadministrative.land_parcel%7Cvisibility%3Aoff&style=feature%3Alandscape.man_made%7Cvisibility%3Aoff&style=feature%3Atransit.station%7Chue%3A0xffa200&center=36.7887541%2C-76.0042609&channel=seekers-search_map&size=574x430&format=jpg&scale=2&zoom=11&client=gme-redfin&signature=Gy8RAgU2zmz-t4-KjiBCQg1_B0Q=,36.7887541,-76.0042609
redfin,964 Wasserman Dr,Virginia Beach,VA,23454,3.0,2.5,2000,,,3000,,,single family,,https://www.redfin.com/VA/Virginia-Beach/964-Wasserman-Dr-23454/home/49511857,"Newly renovated 3 bedroom 2.5 bath home located in the heart of the desirable Ocean Lakes neighborhood. This beautiful home features a spacious front porch complete with a charming porch swing, perfec",2026-05-02T00:32:44.852173Z,2026-05-04T13:26:18+00:00,https://maps.google.com/maps/api/staticmap?sensor=false&style=feature%3Aadministrative.land_parcel%7Cvisibility%3Aoff&style=feature%3Alandscape.man_made%7Cvisibility%3Aoff&style=feature%3Atransit.station%7Chue%3A0xffa200&center=36.7780306%2C-75.983474&channel=seekers-search_map&size=574x430&format=jpg&scale=2&zoom=11&client=gme-redfin&signature=GnAuZnE2ct3SwbKtihTB7uULtgM=,36.7780306,-75.983474
redfin,1149 Balch Pl,Virginia Beach,VA,23454,3.0,2.5,1450,,,2695,,,single family,,https://www.redfin.com/VA/Virginia-Beach/1149-Balch-Pl-23454/home/49509866,3BD/2.5BA Home minutes from Dam Neck! Full fenced Back yard!!- Updated Kitchen with Granite Countertops -Stainless Steel & Black Appliances- Eat In Kitchen and Dining Room- Painted with attractive Neu,2026-04-24T13:02:02.022828Z,2026-05-04T13:26:18+00:00,https://maps.google.com/maps/api/staticmap?sensor=false&style=feature%3Aadministrative.land_parcel%7Cvisibility%3Aoff&style=feature%3Alandscape.man_made%7Cvisibility%3Aoff&style=feature%3Atransit.station%7Chue%3A0xffa200&center=36.7834245%2C-76.0027647&channel=seekers-search_map&size=574x430&format=jpg&scale=2&zoom=11&client=gme-redfin&signature=TVMO_LrO-cWAsvc-9G23ejcvQXc=,36.7834245,-76.0027647
redfin,442 N Oceana Blvd,Virginia Beach,VA,23454,3.0,1.5,1410,,,2400,,,single family,,https://www.redfin.com/VA/Virginia-Beach/442-N-Oceana-Blvd-23454/home/49512746,"Love Where You Live. Unfurnished.  Wonderful updated 3 Bedroom, 1 Full Bath and 1/2 bath Brick Ranch on .35 acre lot. New Appliances. New LVP and Carpet. Big Kitchen remodeled with new outdoor exhaust",2026-04-27T12:31:02.353854Z,2026-05-04T13:26:18+00:00,https://maps.google.com/maps/api/staticmap?sensor=false&style=feature%3Aadministrative.land_parcel%7Cvisibility%3Aoff&style=feature%3Alandscape.man_made%7Cvisibility%3Aoff&style=feature%3Atransit.station%7Chue%3A0xffa200&center=36.8457402%2C-76.012815&channel=seekers-search_map&size=574x430&format=jpg&scale=2&zoom=11&client=gme-redfin&signature=jZ9nNeoOUV4MgScS36s7AttNiK8=,36.8457402,-76.012815
redfin,520 Hillshire Way,Virginia Beach,VA,23454,4.0,2.5,1634,,,3000,,,single family,,https://www.redfin.com/VA/Virginia-Beach/520-Hillshire-Way-23454/home/49523012,"Very well maintained corner lot house in the established Ocean Lakes neighborhood.  Updated home with granite countertops, stainless steel appliances & shaker cabinets.  Close to beaches, shopping, fo",2026-05-02T13:19:58.902990Z,2026-05-04T13:26:18+00:00,https://maps.google.com/maps/api/staticmap?sensor=false&style=feature%3Aadministrative.land_parcel%7Cvisibility%3Aoff&style=feature%3Alandscape.man_made%7Cvisibility%3Aoff&style=feature%3Atransit.station%7Chue%3A0xffa200&center=36.7784622%2C-75.9754981&channel=seekers-search_map&size=574x430&format=jpg&scale=2&zoom=11&client=gme-redfin&signature=K48N3Zb3MSff-Gv8MR-XizZJ6yQ=,36.7784622,-75.9754981
redfin,2512 Hood Dr,Virginia Beach,VA,23454,4.0,2.5,2268,,,2995,,,single family,,https://www.redfin.com/VA/Virginia-Beach/2512-Hood-Dr-23454/home/49487089,"Out on the east side of town, where the salt air finds its way through the trees, there's  2512 Hood Drive in Virginia Beach that feels like home before you even step inside. In the heart of the Great",2026-05-02T00:36:30.284277Z,2026-05-04T13:26:18+00:00,https://maps.google.com/maps/api/staticmap?sensor=false&style=feature%3Aadministrative.land_parcel%7Cvisibility%3Aoff&style=feature%3Alandscape.man_made%7Cvisibility%3Aoff&style=feature%3Atransit.station%7Chue%3A0xffa200&center=36.8646412%2C-76.0590664&channel=seekers-search_map&size=574x430&format=jpg&scale=2&zoom=11&client=gme-redfin&signature=0muECBdaIMlIYJ9EAzV9vgiQCT0=,36.8646412,-76.0590664
redfin,2220 N Lakeside Dr,Virginia Beach,VA,23454,3.0,1.0,1126,,,3300,,,single family,,https://www.redfin.com/VA/Virginia-Beach/2220-N-Lakeside-Dr-23454/home/49501056,"THIS IS A FUNISHED RENTAL FOR NO MORE THAN 2 TENANTS, CORPORATE, EXTENDED TRAINING, TRAVEL NURSE OR INSURANCE CLAIM DISPLACEMENT. LEASE WILL BE AT LEAST 45 DAYS. UTILITIES INCLUDEDED. LOCATED ON GREAT",2026-04-21T18:22:41.464584Z,2026-05-04T13:26:18+00:00,https://maps.google.com/maps/api/staticmap?sensor=false&style=feature%3Aadministrative.land_parcel%7Cvisibility%3Aoff&style=feature%3Alandscape.man_made%7Cvisibility%3Aoff&style=feature%3Atransit.station%7Chue%3A0xffa200&center=36.8766396%2C-76.0427334&channel=seekers-search_map&size=574x430&format=jpg&scale=2&zoom=11&client=gme-redfin&signature=WihMPnYAPoVGfOgYV-CoBPAc9pQ=,36.8766396,-76.0427334
redfin,1204 Freehold Close,Virginia Beach,VA,23455,3.0,2.5,1617,,,2600,,,single family,,https://www.redfin.com/VA/Virginia-Beach/1204-Freehold-Close-23455/home/49415786,"Welcome to your new home! This three bedroom, two and a half bathroom house offers newly renovated baths and an updated kitchen with modern appliances. A spacious deck for relaxation, bamboo flooring ",2026-05-02T02:34:45.459917Z,2026-05-04T13:26:20+00:00,https://maps.google.com/maps/api/staticmap?sensor=false&style=feature%3Aadministrative.land_parcel%7Cvisibility%3Aoff&style=feature%3Alandscape.man_made%7Cvisibility%3Aoff&style=feature%3Atransit.station%7Chue%3A0xffa200&center=36.8809306%2C-76.1794633&channel=seekers-search_map&size=574x430&format=jpg&scale=2&zoom=11&client=gme-redfin&signature=ECGEhRyase3RBEd9t58flTyHgNI=,36.8809306,-76.1794633
redfin,1636 King William Rd,Virginia Beach,VA,23455,3.0,2.0,1145,,,2300,,,single family,,https://www.redfin.com/VA/Virginia-Beach/1636-King-William-Rd-23455/home/49420357,"Location, Location, Location! Ranch home in established neighborhood. Restaurants and shopping nearby. 5 min. to JEB Little Creek & Bayside ES, 10 min. to I-64, North End Beaches, & Norfolk Premium Ou",2026-05-02T13:21:35.187930Z,2026-05-04T13:26:20+00:00,https://maps.google.com/maps/api/staticmap?sensor=false&style=feature%3Aadministrative.land_parcel%7Cvisibility%3Aoff&style=feature%3Alandscape.man_made%7Cvisibility%3Aoff&style=feature%3Atransit.station%7Chue%3A0xffa200&center=36.8981715%2C-76.1761289&channel=seekers-search_map&size=574x430&format=jpg&scale=2&zoom=11&client=gme-redfin&signature=aexIC2q_eh0PGxFZ5w7121-hCKo=,36.8981715,-76.1761289
redfin,3845 Whitley Park Dr,Virginia Beach,VA,23456,4.0,2.5,2324,,,3000,,,single family,,https://www.redfin.com/VA/Virginia-Beach/3845-Whitley-Park-Dr-23456/home/49448405,"""Charming 4-bedroom home in the highly sought-after Salem area of Virginia Beach, within the top-rated school district. This beautiful home features solar panels, saving an average of $70/month on ene",2026-04-21T15:47:22.669907Z,2026-05-04T13:26:22+00:00,https://maps.google.com/maps/api/staticmap?sensor=false&style=feature%3Aadministrative.land_parcel%7Cvisibility%3Aoff&style=feature%3Alandscape.man_made%7Cvisibility%3Aoff&style=feature%3Atransit.station%7Chue%3A0xffa200&center=36.7666992%2C-76.1141592&channel=seekers-search_map&size=574x430&format=jpg&scale=2&zoom=11&client=gme-redfin&signature=H1DLEoHUFd6lJoIrRa66Cvzl-W0=,36.7666992,-76.1141592
redfin,1821 Somersby Ln,Virginia Beach,VA,23456,4.0,2.5,2325,,,3100,,,single family,,https://www.redfin.com/VA/Virginia-Beach/1821-Somersby-Ln-23456/home/49497146,This beautifully designed home features a first-floor layout with a seamless flow and open spaces that offers comfort and functionality. Step outside and enjoy the fenced-in-backyard and deck perfect ,2026-05-02T13:09:40.698788Z,2026-05-04T13:26:22+00:00,https://maps.google.com/maps/api/staticmap?sensor=false&style=feature%3Aadministrative.land_parcel%7Cvisibility%3Aoff&style=feature%3Alandscape.man_made%7Cvisibility%3Aoff&style=feature%3Atransit.station%7Chue%3A0xffa200&center=36.7736912%2C-76.0392169&channel=seekers-search_map&size=574x430&format=jpg&scale=2&zoom=11&client=gme-redfin&signature=u9AS_cMeHOxhHx3TFvRT_tZ3Y14=,36.7736912,-76.0392169
redfin,2596 Penshurst Way,Virginia Beach,VA,23456,4.0,2.5,2500,,,3100,,,single family,,https://www.redfin.com/VA/Virginia-Beach/2596-Penshurst-Way-23456/home/49497296,"This spacious 4 bedroom, 2.5 bath home is located in the beautiful Castleton community on a cul-de-sac in Virginia Beach. Located off of London Bridge Road, this home is convenient to the beach, shopp",2026-05-02T13:16:54.549252Z,2026-05-04T13:26:22+00:00,https://maps.google.com/maps/api/staticmap?sensor=false&style=feature%3Aadministrative.land_parcel%7Cvisibility%3Aoff&style=feature%3Alandscape.man_made%7Cvisibility%3Aoff&style=feature%3Atransit.station%7Chue%3A0xffa200&center=36.7747853%2C-76.0464443&channel=seekers-search_map&size=574x430&format=jpg&scale=2&zoom=11&client=gme-redfin&signature=JgjXdV_JMWBOS-HwESXgHGuUSTU=,36.7747853,-76.0464443
redfin,2228 Glenrose Ct,Virginia Beach,VA,23456,3.0,3.0,1854,,,2695,,,single family,,https://www.redfin.com/VA/Virginia-Beach/2228-Glenrose-Ct-23456/home/49428256,"Well-maintained 3/3 with a loft single family home located a quiet cul-de-sac in Glenwood neighborhood. New LVP floor, spacious open floor plan, large kitchen with quartz countertop, and a breakfast a",2026-05-02T02:35:32.104883Z,2026-05-04T13:26:22+00:00,https://maps.google.com/maps/api/staticmap?sensor=false&style=feature%3Aadministrative.land_parcel%7Cvisibility%3Aoff&style=feature%3Alandscape.man_made%7Cvisibility%3Aoff&style=feature%3Atransit.station%7Chue%3A0xffa200&center=36.7742654%2C-76.1357781&channel=seekers-search_map&size=574x430&format=jpg&scale=2&zoom=11&client=gme-redfin&signature=7Jzpf9w8TMwaixvYXPAjdF8uqLE=,36.7742654,-76.1357781
redfin,2696 Pulaski Loop,Virginia Beach,VA,23456,5.0,2.5,2400,,,3100,,,single family,,https://www.redfin.com/VA/Virginia-Beach/2696-Pulaski-Loop-23456/home/49474088,Come check out this beautiful 5 bedroom 2.5 bath rental in a wonderful Virginia Beach neighborhood. Interior of home has been completely repainted. Cozy waterfront view from the screened in porch. Lar,2026-05-03T12:36:54.646502Z,2026-05-04T13:26:22+00:00,https://maps.google.com/maps/api/staticmap?sensor=false&style=feature%3Aadministrative.land_parcel%7Cvisibility%3Aoff&style=feature%3Alandscape.man_made%7Cvisibility%3Aoff&style=feature%3Atransit.station%7Chue%3A0xffa200&center=36.7371589%2C-76.0768454&channel=seekers-search_map&size=574x430&format=jpg&scale=2&zoom=11&client=gme-redfin&signature=WfG1euihEvqUO9Uc2dn2tPOFAA8=,36.7371589,-76.0768454
redfin,3813 Sterncroft Dr,Virginia Beach,VA,23456,4.0,2.5,2124,,,2789,,,single family,,https://www.redfin.com/VA/Virginia-Beach/3813-Sterncroft-Dr-23456/home/49423283,"OPEN HOUSE ON SATURDAY, 5/2 FROM 1:00-2:00PM! HOPE TO SEE YOU THEN! Must see 4 bed, 2.5 bath single family home in the Glenwood neighborhood of Virginia Beach. Quick and easy access to major highways,",2026-05-03T12:07:05.173903Z,2026-05-04T13:26:22+00:00,https://maps.google.com/maps/api/staticmap?sensor=false&style=feature%3Aadministrative.land_parcel%7Cvisibility%3Aoff&style=feature%3Alandscape.man_made%7Cvisibility%3Aoff&style=feature%3Atransit.station%7Chue%3A0xffa200&center=36.7689558%2C-76.1404114&channel=seekers-search_map&size=574x430&format=jpg&scale=2&zoom=11&client=gme-redfin&signature=bFC2pcIJOr_FNZRX09b9f69gMoA=,36.7689558,-76.1404114
redfin,3216 Fayette Dr,Virginia Beach,VA,23456,4.0,2.5,2279,,,3100,,,single family,,https://www.redfin.com/VA/Virginia-Beach/3216-Fayette-Dr-23456/home/49473163,"Freshly painted & spacious 4-bdrm, 2.5 bath ranch home featuring formal living & dining rms plus large great rm w/cathedral ceiling & gas fireplace. Eat-in kitchen offers breakfast bar, pantry & plent",2026-05-02T13:06:37.927108Z,2026-05-04T13:26:22+00:00,https://maps.google.com/maps/api/staticmap?sensor=false&style=feature%3Aadministrative.land_parcel%7Cvisibility%3Aoff&style=feature%3Alandscape.man_made%7Cvisibility%3Aoff&style=feature%3Atransit.station%7Chue%3A0xffa200&center=36.7333031%2C-76.0813512&channel=seekers-search_map&size=574x430&format=jpg&scale=2&zoom=11&client=gme-redfin&signature=4B7E6FQMHbflfn7DB1aNAq2fj0o=,36.7333031,-76.0813512
redfin,113 S Parliament Dr,Virginia Beach,VA,23462,3.0,2.0,1770,,,2600,,,single family,,https://www.redfin.com/VA/Virginia-Beach/113-S-Parliament-Dr-23462/home/49412708,"Beautiful newly updated and renovated home in a quiet safe neighborhood. Open floor plan with new tile in the kitchen, den and bathrooms with heated bathroom floors. There is a large custom built shed",2026-04-21T20:45:17.078620Z,2026-05-04T13:26:32+00:00,https://maps.google.com/maps/api/staticmap?sensor=false&style=feature%3Aadministrative.land_parcel%7Cvisibility%3Aoff&style=feature%3Alandscape.man_made%7Cvisibility%3Aoff&style=feature%3Atransit.station%7Chue%3A0xffa200&center=36.8392378%2C-76.1668811&channel=seekers-search_map&size=574x430&format=jpg&scale=2&zoom=11&client=gme-redfin&signature=MlWMbDT6aoiu_UkOHgD8CjGu1wA=,36.8392378,-76.1668811
redfin,5313 Sir Barton Dr,Virginia Beach,VA,23462,3.0,2.0,1556,,,2750,,,single family,,https://www.redfin.com/VA/Virginia-Beach/5313-Sir-Barton-Dr-23462/home/49407941,"Recently updated charming 3 Bed 2 bath single family home for rent in Kempsville. A short walk from grocery stores and multiple excellent restaraunts and quick drive to Town Center, Kempsville Crossin",2026-04-21T20:32:55.222420Z,2026-05-04T13:26:32+00:00,https://maps.google.com/maps/api/staticmap?sensor=false&style=feature%3Aadministrative.land_parcel%7Cvisibility%3Aoff&style=feature%3Alandscape.man_made%7Cvisibility%3Aoff&style=feature%3Atransit.station%7Chue%3A0xffa200&center=36.8283495%2C-76.1703139&channel=seekers-search_map&size=574x430&format=jpg&scale=2&zoom=11&client=gme-redfin&signature=A3Ih8yQ-6Ra-Ar7RpPx3YlmDHmY=,36.8283495,-76.1703139
redfin,291 Toy Ave,Virginia Beach,VA,23462,4.0,2.0,1500,,,2500,,,single family,,https://www.redfin.com/VA/Virginia-Beach/291-Toy-Ave-23462/home/49412211,"This charming, move-in-ready home offers a bright and welcoming layout with spacious living areasdesigned for both relaxing and entertaining. Enjoy a functional kitchen, comfortable bedrooms, and apea",2026-05-01T09:22:18.272117Z,2026-05-04T13:26:32+00:00,https://maps.google.com/maps/api/staticmap?sensor=false&style=feature%3Aadministrative.land_parcel%7Cvisibility%3Aoff&style=feature%3Alandscape.man_made%7Cvisibility%3Aoff&style=feature%3Atransit.station%7Chue%3A0xffa200&center=36.8497157%2C-76.168595&channel=seekers-search_map&size=574x430&format=jpg&scale=2&zoom=11&client=gme-redfin&signature=Y5qYyNr1hKUv17s9W6bMI6O-h_k=,36.8497157,-76.168595
redfin,5416 Sweetwater Ct,Virginia Beach,VA,23462,4.0,2.5,1704,,,2495,,,single family,,https://www.redfin.com/VA/Virginia-Beach/5416-Sweetwater-Ct-23462/home/49418421,"Spacious 4-bedroom, 2.5-bath lakefront home in a central location just minutes from the beach, Town Center, military bases, shopping, and entertainment. Enjoy peaceful water views with the convenience",2026-04-21T21:01:14.590919Z,2026-05-04T13:26:32+00:00,https://maps.google.com/maps/api/staticmap?sensor=false&style=feature%3Aadministrative.land_parcel%7Cvisibility%3Aoff&style=feature%3Alandscape.man_made%7Cvisibility%3Aoff&style=feature%3Atransit.station%7Chue%3A0xffa200&center=36.8582245%2C-76.1618171&channel=seekers-search_map&size=574x430&format=jpg&scale=2&zoom=11&client=gme-redfin&signature=rZh7BmYnUFupKSYl1mPOQXDs53Y=,36.8582245,-76.1618171
redfin,5381 Lynbrook Lndg,Virginia Beach,VA,23462,4.0,2.5,1600,,,2400,,,single family,,https://www.redfin.com/VA/Virginia-Beach/5381-Lynbrook-Lndg-23462/home/49418551,Close to everywhere you want to be!  The owner may consider one small pet.  The back yard is partially fenced.  All appliances to included a washer and dryer.  Wood burning fireplace.  Spacious bedroo,2026-05-03T00:30:37.280421Z,2026-05-04T13:26:32+00:00,https://maps.google.com/maps/api/staticmap?sensor=false&style=feature%3Aadministrative.land_parcel%7Cvisibility%3Aoff&style=feature%3Alandscape.man_made%7Cvisibility%3Aoff&style=feature%3Atransit.station%7Chue%3A0xffa200&center=36.858917%2C-76.1592906&channel=seekers-search_map&size=574x430&format=jpg&scale=2&zoom=11&client=gme-redfin&signature=M0CyhOIqNFr9MM6wyIeNkxcqJQA=,36.858917,-76.1592906
redfin,4732 Bunker Hill Ln,Virginia Beach,VA,23462,4.0,2.5,2227,,,2995,,,single family,,https://www.redfin.com/VA/Virginia-Beach/4732-Bunker-Hill-Ln-23462/home/49438469,"Welcome home to this charming 4-bedroom, 2.5-bath traditional single-family residence located in Virginia Beach. There is 1 additional flex room as well. This home features a bright, open floorplan th",2026-05-04T00:31:02.467962Z,2026-05-04T13:26:32+00:00,https://maps.google.com/maps/api/staticmap?sensor=false&style=feature%3Aadministrative.land_parcel%7Cvisibility%3Aoff&style=feature%3Alandscape.man_made%7Cvisibility%3Aoff&style=feature%3Atransit.station%7Chue%3A0xffa200&center=36.8508331%2C-76.1424888&channel=seekers-search_map&size=574x430&format=jpg&scale=2&zoom=11&client=gme-redfin&signature=8MBzdB6zbsGDG33xrGyy8fd74VQ=,36.8508331,-76.1424888
redfin,5368 Princess Anne Rd,Virginia Beach,VA,23462,4.0,2.5,,,,2300,,,single family,,https://www.redfin.com/VA/Virginia-Beach/5368-Princess-Anne-Rd-23462/home/49411365,"Move-in ready and beautifully updated, this charming ranch offers bright, open-concept living with stylish plank flooring throughout. The spacious living area flows seamlessly into a well-appointed ki",2026-05-02T00:32:56.900098Z,2026-05-04T13:26:32+00:00,https://maps.google.com/maps/api/staticmap?sensor=false&style=feature%3Aadministrative.land_parcel%7Cvisibility%3Aoff&style=feature%3Alandscape.man_made%7Cvisibility%3Aoff&style=feature%3Atransit.station%7Chue%3A0xffa200&center=36.8310446%2C-76.1740673&channel=seekers-search_map&size=574x430&format=jpg&scale=2&zoom=11&client=gme-redfin&signature=kQYMSWisnKPYJDTGheOSwvAajWs=,36.8310446,-76.1740673
redfin,5485 Glenville Cir,Virginia Beach,VA,23464,3.0,2.5,1588,,,2500,,,single family,,https://www.redfin.com/VA/Virginia-Beach/5485-Glenville-Cir-23464/home/49408502,"Brand new flooring, carpets, exterior and interior painted.
$2500 rents + $2500 security deposit. No pets.",2026-04-21T20:33:24.906693Z,2026-05-04T13:26:34+00:00,https://maps.google.com/maps/api/staticmap?sensor=false&style=feature%3Aadministrative.land_parcel%7Cvisibility%3Aoff&style=feature%3Alandscape.man_made%7Cvisibility%3Aoff&style=feature%3Atransit.station%7Chue%3A0xffa200&center=36.8092434%2C-76.1684027&channel=seekers-search_map&size=574x430&format=jpg&scale=2&zoom=11&client=gme-redfin&signature=iKcOsr6cN7aQY15K03Ewr67d5Mo=,36.8092434,-76.1684027
redfin,1033 Hobbs Rd,Virginia Beach,VA,23464,3.0,2.0,2400,,,3000,,,single family,,https://www.redfin.com/VA/Virginia-Beach/1033-Hobbs-Rd-23464/home/49393607,"Beautifully cared for home with lots of space. Easy access to interstate and shopping. This lovely home borders on Chesapeake, Norfolk and Virginia Beach. It features a large family room with a gas fi",2026-04-29T11:32:14.376665Z,2026-05-04T13:26:34+00:00,https://maps.google.com/maps/api/staticmap?sensor=false&style=feature%3Aadministrative.land_parcel%7Cvisibility%3Aoff&style=feature%3Alandscape.man_made%7Cvisibility%3Aoff&style=feature%3Atransit.station%7Chue%3A0xffa200&center=36.8253079%2C-76.2184489&channel=seekers-search_map&size=574x430&format=jpg&scale=2&zoom=11&client=gme-redfin&signature=5uc6jNB2G9kMu7z5CeZibj2Jfk0=,36.8253079,-76.2184489
redfin,5816 Reon Ct,Virginia Beach,VA,23464,3.0,2.5,1881,,,2500,,,single family,,https://www.redfin.com/VA/Virginia-Beach/5816-Reon-Ct-23464/home/49529349,"Welcome to your spacious rental property in Virginia Beach! This lovely home features 3 bedrooms and 2.5 baths, making it the perfect space for a family or roommates. Conveniently located near the int",2026-05-02T11:28:33.081427Z,2026-05-04T13:26:34+00:00,https://maps.google.com/maps/api/staticmap?sensor=false&style=feature%3Aadministrative.land_parcel%7Cvisibility%3Aoff&style=feature%3Alandscape.man_made%7Cvisibility%3Aoff&style=feature%3Atransit.station%7Chue%3A0xffa200&center=36.8060594%2C-76.1980514&channel=seekers-search_map&size=574x430&format=jpg&scale=2&zoom=11&client=gme-redfin&signature=NKx-Ah82fkX8Ill1SwubllVsnf0=,36.8060594,-76.1980514
redfin,1001 Amherst Ln,Virginia Beach,VA,23464,4.0,2.0,2025,,,2400,,,single family,,https://www.redfin.com/VA/Virginia-Beach/1001-Amherst-Ln-23464/home/49394648,"This beautiful brick home in a great neighborhood w/ almost new LVP in front entry. Kitchen island w/ granite and stainless appliances. Formal dining room, open floor plan, gorgeous hardwood floor tuc",2026-05-02T09:21:33.314433Z,2026-05-04T13:26:34+00:00,https://maps.google.com/maps/api/staticmap?sensor=false&style=feature%3Aadministrative.land_parcel%7Cvisibility%3Aoff&style=feature%3Alandscape.man_made%7Cvisibility%3Aoff&style=feature%3Atransit.station%7Chue%3A0xffa200&center=36.8082136%2C-76.2090587&channel=seekers-search_map&size=574x430&format=jpg&scale=2&zoom=11&client=gme-redfin&signature=fAewl2KIqhRvtnZ9eW-Muj_p7jM=,36.8082136,-76.2090587
redfin,5667 Heathwood Ct,Virginia Beach,VA,23464,3.0,2.0,1460,,,2500,,,single family,,https://www.redfin.com/VA/Virginia-Beach/5667-Heathwood-Ct-23464/home/49396915,"Step into this move-in-ready 3-bedroom, 2-bath ranch home situated on a cul-de-sac. This property offers a spacious layout featuring a welcoming foyer, two separate living spaces, a formal dining room",2026-05-02T13:19:56.992825Z,2026-05-04T13:26:34+00:00,https://maps.google.com/maps/api/staticmap?sensor=false&style=feature%3Aadministrative.land_parcel%7Cvisibility%3Aoff&style=feature%3Alandscape.man_made%7Cvisibility%3Aoff&style=feature%3Atransit.station%7Chue%3A0xffa200&center=36.8101565%2C-76.1878057&channel=seekers-search_map&size=574x430&format=jpg&scale=2&zoom=11&client=gme-redfin&signature=Vr7lULQyzr_qCkuWPSJFdn19lPY=,36.8101565,-76.1878057
redfin,1548 Beachview Dr,Virginia Beach,VA,23464,4.0,2.0,1760,,,2750,,,single family,,https://www.redfin.com/VA/Virginia-Beach/1548-Beachview-Dr-23464/home/49400156,"Sought After Lake Christopher, this 4 bedroom with first floor master suite. Open and airy floor plan, upgraded kitchen , full breakfast bar, dining area, Huge great room with cathedral ceiling, spaci",2026-04-30T11:30:40.554725Z,2026-05-04T13:26:34+00:00,https://maps.google.com/maps/api/staticmap?sensor=false&style=feature%3Aadministrative.land_parcel%7Cvisibility%3Aoff&style=feature%3Alandscape.man_made%7Cvisibility%3Aoff&style=feature%3Atransit.station%7Chue%3A0xffa200&center=36.7890223%2C-76.1777502&channel=seekers-search_map&size=574x430&format=jpg&scale=2&zoom=11&client=gme-redfin&signature=TMftcLk9CGJOFp3XAo6qMz6BFOo=,36.7890223,-76.1777502
redfin,1520 Oak Knoll Ln,Virginia Beach,VA,23464,3.0,2.5,1300,,,2500,,,single family,,https://www.redfin.com/VA/Virginia-Beach/1520-Oak-Knoll-Ln-23464/home/49403559,"This beautiful home is located in Rosemont Forest, Virginia Beach. It is two stories with an attached one-car garage, three bedrooms and two and a half bathrooms. Fenced backyard with deck. No pets.",2026-04-21T20:20:12.431081Z,2026-05-04T13:26:34+00:00,https://maps.google.com/maps/api/staticmap?sensor=false&style=feature%3Aadministrative.land_parcel%7Cvisibility%3Aoff&style=feature%3Alandscape.man_made%7Cvisibility%3Aoff&style=feature%3Atransit.station%7Chue%3A0xffa200&center=36.787226%2C-76.1584362&channel=seekers-search_map&size=574x430&format=jpg&scale=2&zoom=11&client=gme-redfin&signature=nyrYNj4lpd846oo5eo6qRp-YM6M=,36.787226,-76.1584362
redfin,1445 Collingswood Trl,Virginia Beach,VA,23464,3.0,2.5,1639,,,2300,,,single family,,https://www.redfin.com/VA/Virginia-Beach/1445-Collingswood-Trl-23464/home/49404215,"Sought after area, close to shopping and easy commute to bases! Updated and ready for a new tenant! 3 bedrooms, 2.5 bath home features, gourmet kitchen with stainless steel appliances that opens to gr",2026-04-30T12:04:01.571106Z,2026-05-04T13:26:34+00:00,https://maps.google.com/maps/api/staticmap?sensor=false&style=feature%3Aadministrative.land_parcel%7Cvisibility%3Aoff&style=feature%3Alandscape.man_made%7Cvisibility%3Aoff&style=feature%3Atransit.station%7Chue%3A0xffa200&center=36.7839489%2C-76.1536998&channel=seekers-search_map&size=574x430&format=jpg&scale=2&zoom=11&client=gme-redfin&signature=SDHM7BgzxXIZDHR9PZCBym6I3zQ=,36.7839489,-76.1536998
redfin,6040 Capital Pl,Virginia Beach,VA,23464,3.0,3.0,1748,,,2595,,,single family,,https://www.redfin.com/VA/Virginia-Beach/6040-Capital-Pl-23464/home/49391405,"For Rent - 6040 Capital Place ! Virginia Beach, VA Welcome to this beautifully updated 3 Bedroom ! 3 Bathroom waterfront home offering 1,748 square feet of comfortable living space -- Available Now! T",2026-04-21T19:44:33.826093Z,2026-05-04T13:26:34+00:00,https://maps.google.com/maps/api/staticmap?sensor=false&style=feature%3Aadministrative.land_parcel%7Cvisibility%3Aoff&style=feature%3Alandscape.man_made%7Cvisibility%3Aoff&style=feature%3Atransit.station%7Chue%3A0xffa200&center=36.7679728%2C-76.193179&channel=seekers-search_map&size=574x430&format=jpg&scale=2&zoom=11&client=gme-redfin&signature=DID3-ZH7IUDIKyTNZvc2z5b0g84=,36.7679728,-76.193179
redfin,5428 Ann Arbor Ln,Virginia Beach,VA,23464,5.0,3.0,2276,,,2701,,,single family,,https://www.redfin.com/VA/Virginia-Beach/5428-Ann-Arbor-Ln-23464/home/49533955,"4 BEDROOM, 3 FULL BATH, ADDITIONAL 5TH BEDROOM ON 1ST FLOOR IF NECESSARY. OPEN FLOOR PLAN WITH LARGE EAT IN KITCHEN, 2ND FLOOR OPEN AREA FOR OFFICE/STUDY. 2ND FLOOR LAUNDRY ROOM. 2 CAR GARAGE. GREAT N",2026-05-02T13:22:24.708005Z,2026-05-04T13:26:34+00:00,https://maps.google.com/maps/api/staticmap?sensor=false&style=feature%3Aadministrative.land_parcel%7Cvisibility%3Aoff&style=feature%3Alandscape.man_made%7Cvisibility%3Aoff&style=feature%3Atransit.station%7Chue%3A0xffa200&center=36.804769%2C-76.1785912&channel=seekers-search_map&size=574x430&format=jpg&scale=2&zoom=11&client=gme-redfin&signature=rahJKRrsR7kyLmy3N9z_o3E0tfQ=,36.804769,-76.1785912
craigslist,"Spacious 4 Bed, 2.5 Bath Single Family Home in Virginia Beach - $2700/",Virginia Beach,VA,,,,,,,2600,,,house,,https://norfolk.craigslist.org/apa/d/virginia-beach-spacious-bed-25-bath/7930601569.html,"Spacious 4 Bed, 2.5 Bath Single Family Home in Virginia Beach - $2700/",,2026-05-04T13:27:29+00:00,,,
craigslist,"House for rent: Beautiful 4 Bed, 2.5 Bath Single Family Home in Virgin",Virginia Beach,VA,,,,,,,3000,,,house,,https://norfolk.craigslist.org/apa/d/virginia-beach-house-for-rent-beautiful/7929402225.html,"House for rent: Beautiful 4 Bed, 2.5 Bath Single Family Home in Virgin",,2026-05-04T13:27:29+00:00,,,
craigslist,Vibe District Beach Bungalow 0.5 Miles to Boardwalk,Virginia Beach,VA,,,,,,,2700,,,house,,https://norfolk.craigslist.org/apa/d/virginia-beach-vibe-district-beach/7926550200.html,Vibe District Beach Bungalow 0.5 Miles to Boardwalk,,2026-05-04T13:27:29+00:00,,,
